,plot,biome,total_richness,native_richness,non_native_richness,relative_non_native_native_proportion,state,latitude,longitude
1,NSABHC0001,Desert shrublands,66,63,3,0.045454545,NSW,-31.89335056,141.4337544
2,NSABHC0002,Desert shrublands,75,68,7,0.093333333,NSW,-31.92702694,141.4329608
3,NSABHC0003,Desert shrublands,69,61,8,0.115942029,NSW,-31.82872083,141.4340336
4,NSABHC0004,Desert shrublands,109,86,23,0.201834862,NSW,-31.84727889,141.9480675
5,NSABHC0005,Desert shrublands,63,55,8,0.111111111,NSW,-31.84495778,141.9404978
6,NSABHC0006,Desert shrublands,67,63,4,0.044776119,NSW,-31.88420833,141.7823089
7,NSABHC0007,Desert shrublands,102,91,11,0.098039216,NSW,-31.90113361,141.7644319
8,NSABHC0008,Desert shrublands,91,81,10,0.10989011,NSW,-31.88592167,141.52881
9,NSABHC0009,Desert shrublands,107,103,4,0.018691589,NSW,-31.08023472,141.6973686
10,NSABHC0009,Desert shrublands,91,87,4,0.043956044,NSW,-31.08023472,141.6973686
11,NSABHC0010,Desert shrublands,69,61,8,0.101449275,NSW,-31.07671806,141.7003097
12,NSABHC0011,Desert shrublands,66,62,4,0.045454545,NSW,-31.02531611,141.6780775
13,NSABHC0012,Desert shrublands,90,86,4,0.033333333,NSW,-31.07956667,141.7411103
14,NSABHC0012,Desert shrublands,81,74,7,0.086419753,NSW,-31.07956667,141.7411103
15,NSABHC0013,Desert shrublands,68,56,12,0.176470588,NSW,-31.32391889,141.6008031
16,NSABHC0014,Desert shrublands,83,70,13,0.156626506,NSW,-31.33115333,141.5914625
17,NSABHC0015,Desert shrublands,61,57,4,0.06557377,NSW,-31.83394,141.05925
18,NSABHC0016,Desert shrublands,43,38,5,0.11627907,NSW,-31.83403472,141.0614425
19,NSABHC0017,Desert shrublands,45,42,3,0.066666667,NSW,-31.84330972,141.1926289
20,NSABHC0018,Desert shrublands,34,33,1,0.029411765,NSW,-32.249087,142.0537
21,NSABHC0019,Desert shrublands,29,28,1,0.034482759,NSW,-32.514855,141.549646
22,NSABHC0020,Desert shrublands,72,70,2,0.027777778,NSW,-32.264805,141.500681
23,NSABHC0021,Desert shrublands,72,63,9,0.125,NSW,-32.120072,141.868274
24,NSABHC0022,Desert shrublands,64,61,3,0.046875,NSW,-30.666082,142.472433
25,NSABHC0023,Desert shrublands,7,7,0,0,NSW,-31.34395,142.1365528
26,NSABHC0024,Desert shrublands,83,78,5,0.060240964,NSW,-31.34679167,142.1485167
27,NSABHC0025,Desert shrublands,65,61,4,0.046153846,NSW,-32.420531,141.535447
28,NSABHC0026,Desert shrublands,104,92,12,0.105769231,NSW,-31.778032,142.268019
29,NSABHC0028,Desert shrublands,55,48,7,0.109090909,NSW,-31.06597778,141.717325
30,NSABHC0029,Desert shrublands,61,52,9,0.163934426,NSW,-31.06216667,141.6694028
31,NSACHC0001,Desert shrublands,30,29,1,0,NSW,-29.44538611,142.2647556
32,NSACHC0002,Desert shrublands,38,38,0,0,NSW,-29.30673333,142.1805611
33,NSACHC0003,Desert shrublands,18,18,0,0,NSW,-29.21308611,141.8954778
34,NSACHC0004,Desert shrublands,20,20,0,0,NSW,-29.06618333,141.8645194
35,NSAMDD0001,Mediterranean woodlands,28,26,2,0.035714286,NSW,-34.18391944,142.560225
36,NSAMDD0002,Mediterranean woodlands,32,32,0,0,NSW,-34.20481667,142.6025889
37,NSAMDD0003,Mediterranean woodlands,34,33,1,0.029411765,NSW,-34.20754167,142.6040639
38,NSAMDD0004,Mediterranean woodlands,45,44,1,0.022222222,NSW,-34.16536667,142.5594
39,NSAMDD0005,Mediterranean woodlands,50,45,5,0.1,NSW,-33.65619444,143.2038667
40,NSAMDD0006,Mediterranean woodlands,28,23,5,0.178571429,NSW,-33.66431944,143.1665361
41,NSAMDD0007,Mediterranean woodlands,35,35,0,0,NSW,-33.37998056,141.1608111
42,NSAMDD0008,Mediterranean woodlands,43,42,1,0.023255814,NSW,-33.43096111,141.0720306
43,NSAMDD0009,Mediterranean woodlands,38,38,0,0,NSW,-33.44049444,141.0655222
44,NSAMDD0010,Mediterranean woodlands,42,33,9,0.19047619,NSW,-33.40760278,141.2934722
45,NSAMDD0011,Mediterranean woodlands,33,33,0,0,NSW,-33.43881944,141.012675
46,NSAMDD0012,Mediterranean woodlands,4,4,0,0,NSW,-33.26316111,141.2662444
47,NSAMDD0013,Mediterranean woodlands,79,76,3,0.037974684,NSW,-33.23765278,141.1064667
48,NSAMDD0014,Mediterranean woodlands,27,27,0,0,NSW,-33.16793889,141.1918167
49,NSAMDD0015,Mediterranean woodlands,53,53,0,0,NSW,-33.31182222,141.0900639
50,NSAMDD0016,Mediterranean woodlands,51,47,4,0.078431373,NSW,-33.28228889,141.0898083
51,NSAMDD0017,Mediterranean woodlands,36,33,3,0.055555556,NSW,-33.66876389,145.5663833
52,NSAMDD0018,Mediterranean woodlands,49,49,0,0,NSW,-33.56723333,145.7840083
53,NSAMDD0019,Mediterranean woodlands,40,37,3,0.075,NSW,-33.19214722,145.6993694
54,NSAMDD0020,Mediterranean woodlands,34,30,4,0.088235294,NSW,-33.20680278,145.7085583
55,NSAMDD0021,Mediterranean woodlands,55,48,7,0.109090909,NSW,-33.20083611,145.7171861
56,NSAMDD0022,Mediterranean woodlands,40,40,0,0,NSW,-33.22522222,145.7601722
57,NSAMDD0023,Mediterranean woodlands,50,46,4,0.08,NSW,-32.69009167,144.6497778
58,NSAMDD0024,Mediterranean woodlands,33,30,3,0.090909091,NSW,-32.68220833,144.6274611
59,NSAMDD0025,Mediterranean woodlands,41,37,4,0.073170732,NSW,-31.60859167,144.2469944
60,NSAMDD0026,Mediterranean woodlands,31,28,3,0.096774194,NSW,-31.62801111,144.2011528
61,NSAMDD0027,Mediterranean woodlands,30,29,1,0,NSW,-31.48691944,144.1896333
62,NSAMDD0028,Mediterranean woodlands,44,40,4,0.068181818,NSW,-31.49143889,144.1828167
63,NSAMDD0029,Mediterranean woodlands,39,37,2,0.051282051,NSW,-31.33251667,144.3669639
64,NSAMDD0030,Mediterranean woodlands,42,39,3,0.047619048,NSW,-31.31792778,144.3637667
65,NSAMDD0031,Mediterranean woodlands,28,28,0,0,NSW,-32.58626944,145.492225
66,NSAMDD0032,Mediterranean woodlands,29,26,3,0.103448276,NSW,-32.74324722,145.4209083
67,NTABRT0001,Desert shrublands,35,35,0,0,NT,-22.2836,133.2473278
68,NTABRT0001,Desert shrublands,38,37,1,0.026315789,NT,-22.2836,133.2473278
69,NTABRT0002,Desert shrublands,32,32,0,0,NT,-22.28366944,133.2506306
70,NTABRT0002,Desert shrublands,41,41,0,0,NT,-22.28366944,133.2506306
71,NTABRT0003,Desert shrublands,47,46,1,0.021276596,NT,-22.28358056,133.2698583
72,NTABRT0003,Desert shrublands,49,49,0,0,NT,-22.28358056,133.2698583
73,NTABRT0004,Desert shrublands,48,47,1,0.020833333,NT,-22.28980833,133.6164222
74,NTABRT0004,Desert shrublands,49,48,1,0.020408163,NT,-22.28980833,133.6164222
75,NTABRT0005,Desert shrublands,41,41,0,0,NT,-22.29108056,133.612075
76,NTABRT0005,Desert shrublands,53,53,0,0,NT,-22.29108056,133.612075
77,NTABRT0006,Desert shrublands,54,53,1,0.018518519,NT,-22.28908056,133.6132556
78,NTABRT0006,Desert shrublands,51,50,1,0.019607843,NT,-22.28908056,133.6132556
79,NTABRT0007,Desert shrublands,47,47,0,0,NT,-22.2883483,133.6380666
80,NTABRT0008,Desert shrublands,29,29,0,0,NT,-21.9042505,133.448367
81,NTABRT0009,Desert shrublands,33,33,0,0,NT,-23.026766,133.599562
82,NTADMR0001,Desert shrublands,49,49,0,0,NT,-19.3530953,134.5673747
83,NTADMR0002,Desert shrublands,35,35,0,0,NT,-19.5750838,134.2030725
84,NTAFIN0001,Desert shrublands,62,59,3,0.048387097,NT,-24.12430278,133.4679222
85,NTAFIN0001,Desert shrublands,47,45,2,0.021276596,NT,-24.12430278,133.4679222
86,NTAFIN0001,Desert shrublands,32,31,1,0.03125,NT,-24.12430278,133.4679222
87,NTAFIN0002,Desert shrublands,46,43,3,0.02173913,NT,-24.00942222,133.4343111
88,NTAFIN0002,Desert shrublands,50,47,3,0.04,NT,-24.00942222,133.4343111
89,NTAFIN0002,Desert shrublands,37,36,1,0.027027027,NT,-24.00942222,133.4343111
90,NTAFIN0003,Desert shrublands,44,37,7,0.113636364,NT,-24.13220278,133.4770083
91,NTAFIN0003,Desert shrublands,35,31,4,0.057142857,NT,-24.13220278,133.4770083
92,NTAFIN0003,Desert shrublands,28,25,3,0.071428571,NT,-24.13220278,133.4770083
93,NTAFIN0004,Desert shrublands,43,42,1,0.023255814,NT,-24.18724167,133.3763667
94,NTAFIN0004,Desert shrublands,26,26,0,0,NT,-24.18724167,133.3763667
95,NTAFIN0004,Desert shrublands,39,39,0,0,NT,-24.18724167,133.3763667
96,NTAFIN0005,Desert shrublands,56,55,1,0.017857143,NT,-24.1965,133.3739361
97,NTAFIN0005,Desert shrublands,38,36,2,0.052631579,NT,-24.1965,133.3739361
98,NTAFIN0005,Desert shrublands,43,42,1,0.023255814,NT,-24.1965,133.3739361
99,NTAFIN0006,Desert shrublands,31,30,1,0.032258065,NT,-24.17759167,133.3794028
100,NTAFIN0006,Desert shrublands,43,42,1,0.023255814,NT,-24.17759167,133.3794028
101,NTAFIN0006,Desert shrublands,39,37,2,0.025641026,NT,-24.17759167,133.3794028
102,NTAFIN0007,Desert shrublands,29,27,2,0.034482759,NT,-23.94118611,133.4360389
103,NTAFIN0007,Desert shrublands,33,31,2,0.03030303,NT,-23.94118611,133.4360389
104,NTAFIN0007,Desert shrublands,27,25,2,0.037037037,NT,-23.94118611,133.4360389
105,NTAFIN0008,Desert shrublands,27,23,4,0.111111111,NT,-23.930625,133.4154944
106,NTAFIN0008,Desert shrublands,41,37,4,0.073170732,NT,-23.930625,133.4154944
107,NTAFIN0008,Desert shrublands,23,20,3,0.086956522,NT,-23.930625,133.4154944
108,NTAFIN0009,Desert shrublands,40,39,1,0.025,NT,-24.12801944,133.3908944
109,NTAFIN0009,Desert shrublands,46,45,1,0.02173913,NT,-24.12801944,133.3908944
110,NTAFIN0009,Desert shrublands,41,40,1,0.024390244,NT,-24.12801944,133.3908944
111,NTAFIN0010,Desert shrublands,39,37,2,0.051282051,NT,-24.13329167,133.3732972
112,NTAFIN0010,Desert shrublands,52,51,1,0.019230769,NT,-24.13329167,133.3732972
113,NTAFIN0010,Desert shrublands,43,42,1,0.023255814,NT,-24.13329167,133.3732972
114,NTAFIN0011,Desert shrublands,39,38,1,0.025641026,NT,-24.16188056,133.3271806
115,NTAFIN0011,Desert shrublands,39,39,0,0,NT,-24.16188056,133.3271806
116,NTAFIN0011,Desert shrublands,34,34,0,0,NT,-24.16188056,133.3271806
117,NTAFIN0012,Desert shrublands,28,28,0,0,NT,-24.56922778,133.1420972
118,NTAFIN0013,Desert shrublands,62,59,3,0.032258065,NT,-24.54153611,133.1845722
119,NTAFIN0014,Desert shrublands,53,51,2,0.037735849,NT,-24.53091111,133.1695417
120,NTAFIN0015,Desert shrublands,26,22,4,0.115384615,NT,-24.51569722,133.222825
121,NTAFIN0016,Desert shrublands,38,36,2,0.026315789,NT,-24.48436389,133.3029667
122,NTAFIN0017,Desert shrublands,35,31,4,0.085714286,NT,-24.37748611,132.9602861
123,NTAFIN0018,Desert shrublands,57,56,1,0.01754386,NT,-24.36466389,132.9494417
124,NTAFIN0019,Desert shrublands,68,65,3,0.029411765,NT,-24.35817778,132.9357472
125,NTAFIN0020,Desert shrublands,48,45,3,0.0625,NT,-24.66856944,133.4016861
126,NTAFIN0021,Desert shrublands,38,37,1,0,NT,-24.67201667,133.4638722
127,NTAFIN0022,Desert shrublands,64,63,1,0.015625,NT,-24.63118889,133.4521833
128,NTAFIN0023,Desert shrublands,47,46,1,0.021276596,NT,-24.55977222,133.4373639
129,NTAFIN0024,Desert shrublands,36,32,4,0.055555556,NT,-24.91757222,133.6592028
130,NTAFIN0025,Desert shrublands,52,51,1,0.019230769,NT,-24.81836389,133.6764556
131,NTAFIN0026,Desert shrublands,55,53,2,0.018181818,NT,-23.90725556,133.7499056
132,NTAFIN0027,Desert shrublands,36,35,1,0.027777778,NT,-23.83572778,133.6333028
133,NTAFIN0028,Desert shrublands,48,46,2,0.041666667,NT,-25.76993056,133.3930806
134,NTAFIN0029,Desert shrublands,44,43,1,0,NT,-25.737475,133.4384833
135,NTAFIN0030,Desert shrublands,60,57,3,0.033333333,NT,-25.94810833,133.7812444
136,NTAFIN0031,Desert shrublands,51,51,0,0,NT,-25.89989167,133.8965944
137,NTAFIN0032,Desert shrublands,40,39,1,0.025,NT,-23.95376667,133.92255
138,NTAFIN0033,Desert shrublands,64,62,2,0.03125,NT,-24.03365833,133.9717556
139,NTAMAC0001,Desert shrublands,58,57,1,0.017241379,NT,-23.96590833,133.3723
140,NTAMAC0001,Desert shrublands,34,32,2,0.029411765,NT,-23.96590833,133.3723
141,NTAMAC0002,Desert shrublands,58,49,9,0.137931034,NT,-23.96164444,133.4035083
142,NTAMAC0002,Desert shrublands,41,36,5,0.12195122,NT,-23.96164444,133.4035083
143,NTAMAC0003,Desert shrublands,55,51,4,0.054545455,NT,-23.95909444,133.4084889
144,NTAMAC0003,Desert shrublands,27,23,4,0.074074074,NT,-23.95909444,133.4084889
145,NTASSD0001,Desert shrublands,30,30,0,0,NT,-25.30979167,136.3070278
146,NTASSD0002,Desert shrublands,22,22,0,0,NT,-25.288317,136.29419
147,NTASSD0003,Desert shrublands,34,34,0,0,NT,-25.29944444,136.298875
148,NTASSD0004,Desert shrublands,27,27,0,0,NT,-25.25326667,136.2748111
149,NTASSD0005,Desert shrublands,38,38,0,0,NT,-25.75411111,136.5469528
150,NTASSD0006,Desert shrublands,20,20,0,0,NT,-25.75343611,136.547825
151,NTASSD0007,Desert shrublands,37,36,1,0.027027027,NT,-25.78355556,136.564875
152,NTASSD0008,Desert shrublands,21,21,0,0,NT,-25.77833611,136.5624611
153,NTASSD0009,Desert shrublands,43,43,0,0,NT,-24.7817328,136.0114582
154,NTASSD0010,Desert shrublands,49,49,0,0,NT,-24.792826,136.021357
155,NTASSD0011,Desert shrublands,23,22,1,0.043478261,NT,-25.48054722,135.1151139
156,NTASSD0012,Desert shrublands,21,21,0,0,NT,-25.50321667,135.1157111
157,NTASSD0013,Desert shrublands,14,14,0,0,NT,-25.52404722,135.1395056
158,NTASSD0014,Desert shrublands,18,18,0,0,NT,-25.13786944,135.3707
159,NTASSD0015,Desert shrublands,56,55,1,0.017857143,NT,-25.12393333,135.6167917
160,NTASSD0016,Desert shrublands,25,25,0,0,NT,-25.11011389,135.5079972
161,NTASSD0017,Desert shrublands,36,36,0,0,NT,-25.47658889,135.2584222
162,NTASSD0018,Desert shrublands,22,22,0,0,NT,-25.12793333,135.5226389
163,NTASSD0019,Desert shrublands,38,38,0,0,NT,-25.09440833,135.6407917
164,NTATAN0001,Desert shrublands,33,33,0,0,NT,-20.6995098,134.2054273
165,NTATAN0002,Desert shrublands,45,44,1,0.022222222,NT,-20.7228814,134.2003669
166,NTATAN0003,Desert shrublands,45,45,0,0,NT,-20.9215447,133.8713681
167,NTATAN0004,Desert shrublands,47,47,0,0,NT,-20.9217778,133.886123
168,NTTDMR0001,Desert shrublands,99,97,2,0.02020202,NT,-18.08004167,133.6845444
169,NTTDMR0002,Desert shrublands,63,61,2,0.031746032,NT,-18.07249722,133.6350222
170,NTTDMR0003,Desert shrublands,74,72,2,0.027027027,NT,-18.07204444,133.6669306
171,QDACHC0003,Desert shrublands,25,24,1,0.04,QLD,-24.11637778,143.1648944
172,QDACHC0004,Desert shrublands,35,34,1,0,QLD,-23.71877222,141.0918611
173,QDACHC0005,Desert shrublands,39,37,2,0.025641026,QLD,-23.721675,141.0723056
174,QDACHC0006,Desert shrublands,26,25,1,0,QLD,-23.76945278,141.1334972
175,QDACHC0007,Desert shrublands,21,20,1,0,QLD,-23.83569167,141.0290944
176,QDASSD0001,Desert shrublands,40,40,0,0,QLD,-23.76406944,138.4765167
177,QDASSD0001,Desert shrublands,32,32,0,0,QLD,-23.76406944,138.4765167
178,QDASSD0001,Desert shrublands,26,26,0,0,QLD,-23.76406944,138.4765167
179,QDASSD0001,Desert shrublands,22,22,0,0,QLD,-23.76406944,138.4765167
180,QDASSD0002,Desert shrublands,23,23,0,0,QLD,-23.82771944,138.3897028
181,QDASSD0002,Desert shrublands,35,35,0,0,QLD,-23.82771944,138.3897028
182,QDASSD0002,Desert shrublands,39,39,0,0,QLD,-23.82771944,138.3897028
183,QDASSD0002,Desert shrublands,25,25,0,0,QLD,-23.82771944,138.3897028
184,QDASSD0003,Desert shrublands,32,32,0,0,QLD,-23.83157222,138.4074167
185,QDASSD0003,Desert shrublands,37,37,0,0,QLD,-23.83157222,138.4074167
186,QDASSD0003,Desert shrublands,48,48,0,0,QLD,-23.83157222,138.4074167
187,QDASSD0003,Desert shrublands,22,22,0,0,QLD,-23.83157222,138.4074167
188,QDASSD0004,Desert shrublands,33,33,0,0,QLD,-23.680125,138.433775
189,QDASSD0004,Desert shrublands,30,30,0,0,QLD,-23.680125,138.433775
190,QDASSD0004,Desert shrublands,34,34,0,0,QLD,-23.680125,138.433775
191,QDASSD0004,Desert shrublands,25,25,0,0,QLD,-23.680125,138.433775
192,QDASSD0005,Desert shrublands,21,21,0,0,QLD,-23.69443889,138.4409972
193,QDASSD0005,Desert shrublands,24,24,0,0,QLD,-23.69443889,138.4409972
194,QDASSD0005,Desert shrublands,27,27,0,0,QLD,-23.69443889,138.4409972
195,QDASSD0005,Desert shrublands,21,21,0,0,QLD,-23.69443889,138.4409972
196,QDASSD0006,Desert shrublands,34,34,0,0,QLD,-23.87954167,138.0984194
197,QDASSD0006,Desert shrublands,30,30,0,0,QLD,-23.87954167,138.0984194
198,QDASSD0006,Desert shrublands,37,36,1,0.027027027,QLD,-23.87954167,138.0984194
199,QDASSD0006,Desert shrublands,21,21,0,0,QLD,-23.87954167,138.0984194
200,QDASSD0007,Desert shrublands,35,35,0,0,QLD,-23.88048889,138.096425
201,QDASSD0007,Desert shrublands,37,37,0,0,QLD,-23.88048889,138.096425
202,QDASSD0007,Desert shrublands,41,40,1,0,QLD,-23.88048889,138.096425
203,QDASSD0007,Desert shrublands,38,37,1,0,QLD,-23.88048889,138.096425
204,QDASSD0008,Desert shrublands,26,26,0,0,QLD,-23.95415278,138.1369861
205,QDASSD0008,Desert shrublands,30,30,0,0,QLD,-23.95415278,138.1369861
206,QDASSD0008,Desert shrublands,37,37,0,0,QLD,-23.95415278,138.1369861
207,QDASSD0008,Desert shrublands,22,22,0,0,QLD,-23.95415278,138.1369861
208,QDASSD0009,Desert shrublands,25,25,0,0,QLD,-23.96730833,138.140975
209,QDASSD0009,Desert shrublands,34,34,0,0,QLD,-23.96730833,138.140975
210,QDASSD0009,Desert shrublands,39,39,0,0,QLD,-23.96730833,138.140975
211,QDASSD0009,Desert shrublands,34,34,0,0,QLD,-23.96730833,138.140975
212,QDASSD0010,Desert shrublands,39,38,1,0,QLD,-23.731025,138.0003861
213,QDASSD0010,Desert shrublands,11,10,1,0,QLD,-23.731025,138.0003861
214,QDASSD0010,Desert shrublands,64,63,1,0,QLD,-23.731025,138.0003861
215,QDASSD0010,Desert shrublands,23,22,1,0,QLD,-23.731025,138.0003861
216,QDASSD0011,Desert shrublands,48,46,2,0,QLD,-23.23663333,138.2260806
217,QDASSD0011,Desert shrublands,29,27,2,0.068965517,QLD,-23.23663333,138.2260806
218,QDASSD0011,Desert shrublands,34,34,0,0,QLD,-23.23663333,138.2260806
219,QDASSD0011,Desert shrublands,31,30,1,0.032258065,QLD,-23.23663333,138.2260806
220,QDASSD0012,Desert shrublands,22,22,0,0,QLD,-23.34449722,138.2522444
221,QDASSD0012,Desert shrublands,21,21,0,0,QLD,-23.34449722,138.2522444
222,QDASSD0012,Desert shrublands,25,24,1,0,QLD,-23.34449722,138.2522444
223,QDASSD0012,Desert shrublands,22,21,1,0.045454545,QLD,-23.34449722,138.2522444
224,QDASSD0013,Desert shrublands,35,35,0,0,QLD,-23.29418889,138.226025
225,QDASSD0013,Desert shrublands,41,40,1,0.024390244,QLD,-23.29418889,138.226025
226,QDASSD0013,Desert shrublands,43,42,1,0.023255814,QLD,-23.29418889,138.226025
227,QDASSD0013,Desert shrublands,23,22,1,0.043478261,QLD,-23.29418889,138.226025
228,QDASSD0014,Desert shrublands,45,45,0,0,QLD,-23.17578611,138.1672889
229,QDASSD0014,Desert shrublands,41,41,0,0,QLD,-23.17578611,138.1672889
230,QDASSD0014,Desert shrublands,67,67,0,0,QLD,-23.17578611,138.1672889
231,QDASSD0014,Desert shrublands,41,40,1,0.024390244,QLD,-23.17578611,138.1672889
232,QDASSD0015,Desert shrublands,50,50,0,0,QLD,-23.188075,138.1930944
233,QDASSD0015,Desert shrublands,36,35,1,0.027777778,QLD,-23.188075,138.1930944
234,QDASSD0015,Desert shrublands,55,55,0,0,QLD,-23.188075,138.1930944
235,SAABHC0001,Desert shrublands,35,35,0,0,SA,-31.92288056,140.4651694
236,SAABHC0001,Desert shrublands,26,26,0,0,SA,-31.92288056,140.4651694
237,SAABHC0002,Desert shrublands,31,30,1,0.032258065,SA,-31.98336944,140.5023778
238,SAABHC0002,Desert shrublands,26,25,1,0.038461538,SA,-31.98336944,140.5023778
239,SAABHC0003,Desert shrublands,37,32,5,0.135135135,SA,-31.94265556,140.5466028
240,SAABHC0003,Desert shrublands,42,42,0,0,SA,-31.94265556,140.5466028
241,SAABHC0004,Desert shrublands,42,32,10,0.238095238,SA,-32.01899722,140.5268556
242,SAABHC0004,Desert shrublands,31,27,4,0.129032258,SA,-32.01899722,140.5268556
243,SAABHC0005,Desert shrublands,16,15,1,0.0625,SA,-31.97321235,140.5836429
244,SAABHC0006,Desert shrublands,13,13,0,0,SA,-31.90469653,140.6801647
245,SAACHC0001,Desert shrublands,40,39,1,0.025,SA,-27.409028,140.189586
246,SAACHC0002,Desert shrublands,22,22,0,0,SA,-27.41018406,140.186919
247,SAACHC0003,Desert shrublands,23,23,0,0,SA,-27.493709,140.120751
248,SAACHC0004,Desert shrublands,25,24,1,0.04,SA,-27.491906,140.119866
249,SAACHC0005,Desert shrublands,38,38,0,0,SA,-27.51444898,140.1782431
250,SAACHC0006,Desert shrublands,43,43,0,0,SA,-27.5148642,140.1805824
251,SAACHC0008,Desert shrublands,43,43,0,0,SA,-27.34928078,140.1579009
252,SAACHC0009,Desert shrublands,36,36,0,0,SA,-27.35049291,140.1575178
253,SAACHC0010,Desert shrublands,29,29,0,0,SA,-27.4706797,140.186347
254,SAACHC0011,Desert shrublands,31,31,0,0,SA,-27.47213306,140.1879274
255,SAACHC0012,Desert shrublands,42,42,0,0,SA,-27.61024145,140.3598566
256,SAACHC0013,Desert shrublands,25,25,0,0,SA,-27.74622654,140.7462702
257,SAACHC0014,Desert shrublands,38,38,0,0,SA,-28.09195395,140.5800757
258,SAACHC0015,Desert shrublands,49,49,0,0,SA,-28.093484,140.577099
259,SAAEYB0001,Mediterranean woodlands,32,18,14,0.4375,SA,-34.4568,137.3646306
260,SAAEYB0002,Mediterranean woodlands,80,75,5,0.0625,SA,-35.1010595,137.3957336
261,SAAEYB0003,Mediterranean woodlands,97,81,16,0.164948454,SA,-35.17267058,137.1651345
262,SAAEYB0004,Mediterranean woodlands,88,82,6,0.068181818,SA,-35.15362767,137.0783542
263,SAAEYB0005,Mediterranean woodlands,97,79,18,0.195876289,SA,-35.113453,137.017442
264,SAAEYB0006,Mediterranean woodlands,121,103,18,0.148760331,SA,-35.132789,137.095945
265,SAAEYB0007,Mediterranean woodlands,77,73,4,0.051948052,SA,-35.2704748,136.8777863
266,SAAEYB0008,Mediterranean woodlands,97,79,18,0.18556701,SA,-35.04934872,137.2139253
267,SAAEYB0009,Mediterranean woodlands,64,52,12,0.1875,SA,-35.2553631,136.8481811
268,SAAEYB0010,Mediterranean woodlands,84,74,10,0.107142857,SA,-35.246255,136.926715
269,SAAEYB0011,Mediterranean woodlands,98,74,24,0.244897959,SA,-35.156909,137.046928
270,SAAEYB0012,Mediterranean woodlands,105,84,21,0.2,SA,-35.17259331,136.9465905
271,SAAEYB0013,Mediterranean woodlands,78,63,15,0.192307692,SA,-35.18971683,137.0969029
272,SAAEYB0014,Mediterranean woodlands,84,77,7,0.083333333,SA,-35.26877138,136.8647437
273,SAAEYB0015,Mediterranean woodlands,94,82,12,0.127659574,SA,-35.19623919,136.9540931
274,SAAEYB0016,Mediterranean woodlands,76,65,11,0.144736842,SA,-35.178949,137.1799883
275,SAAEYB0017,Mediterranean woodlands,78,68,10,0.128205128,SA,-35.2447503,136.8458036
276,SAAEYB0021,Mediterranean woodlands,51,51,0,0,SA,-33.83882212,136.1292331
277,SAAEYB0022,Mediterranean woodlands,39,37,2,0.051282051,SA,-33.83529583,136.0188862
278,SAAEYB0023,Mediterranean woodlands,56,55,1,0.017857143,SA,-33.81098671,136.1473198
279,SAAEYB0024,Mediterranean woodlands,62,56,6,0.080645161,SA,-33.76161029,136.0674051
280,SAAEYB0025,Mediterranean woodlands,80,68,12,0.1375,SA,-34.66208653,135.3709543
281,SAAEYB0026,Mediterranean woodlands,84,68,16,0.19047619,SA,-34.67025657,135.3924635
282,SAAEYB0027,Mediterranean woodlands,68,58,10,0.132352941,SA,-34.6799485,135.3910658
283,SAAEYB0028,Mediterranean woodlands,41,31,10,0.243902439,SA,-34.68853799,135.387597
284,SAAEYB0029,Mediterranean woodlands,50,47,3,0.06,SA,-33.26579387,136.9371981
285,SAAEYB0030,Mediterranean woodlands,55,54,1,0.018181818,SA,-33.19091907,136.8234574
286,SAAEYB0031,Mediterranean woodlands,42,41,1,0.023809524,SA,-33.20810817,136.9007118
287,SAAEYB0032,Mediterranean woodlands,50,47,3,0.06,SA,-33.2023505,136.8494437
288,SAAEYB0033,Mediterranean woodlands,33,33,0,0,SA,-33.22334811,136.9240633
289,SAAEYB0035,Mediterranean woodlands,31,28,3,0.096774194,SA,-31.983078,132.211062
290,SAAEYB0036,Mediterranean woodlands,20,19,1,0.05,SA,-31.994197,132.374271
291,SAAFLB0003,Mediterranean woodlands,91,57,34,0.373626374,SA,-34.97365,138.646998
292,SAAFLB0003,Mediterranean woodlands,73,44,29,0.383561644,SA,-34.97365,138.646998
293,SAAFLB0004,Mediterranean woodlands,61,41,20,0.327868852,SA,-35.07034722,138.5786
294,SAAFLB0005,Mediterranean woodlands,85,64,21,0.247058824,SA,-33.02676944,138.1032556
295,SAAFLB0006,Mediterranean woodlands,57,54,3,0.052631579,SA,-33.08573611,138.1626917
296,SAAFLB0007,Mediterranean woodlands,29,26,3,0.103448276,SA,-31.82368889,138.2997028
297,SAAFLB0008,Mediterranean woodlands,40,37,3,0.075,SA,-31.83778611,138.3511917
298,SAAFLB0030,Mediterranean woodlands,33,32,1,0,SA,-29.97848333,138.0151194
299,SAAFLB0030,Mediterranean woodlands,30,28,2,0.033333333,SA,-29.97848333,138.0151194
300,SAAFLB0030,Mediterranean woodlands,28,28,0,0,SA,-29.97848333,138.0151194
301,SAAFLB0031,Mediterranean woodlands,45,45,0,0,SA,-29.971575,137.9545667
302,SAAFLB0031,Mediterranean woodlands,4,4,0,0,SA,-29.971575,137.9545667
303,SAAFLB0031,Mediterranean woodlands,32,32,0,0,SA,-29.971575,137.9545667
304,SAAGAW0001,Desert shrublands,32,31,1,0.03125,SA,-32.98324722,137.1972083
305,SAAGAW0002,Desert shrublands,30,24,6,0.2,SA,-32.98011944,137.2442722
306,SAAGAW0003,Desert shrublands,23,21,2,0.086956522,SA,-32.97155,137.2483611
307,SAAGAW0004,Desert shrublands,35,35,0,0,SA,-30.87168877,135.4403808
308,SAAGAW0005,Desert shrublands,22,22,0,0,SA,-30.80325101,135.3901235
309,SAAGAW0006,Desert shrublands,27,27,0,0,SA,-30.533632,135.547127
310,SAAGAW0006,Desert shrublands,35,35,0,0,SA,-30.533632,135.547127
311,SAAGAW0007,Desert shrublands,23,23,0,0,SA,-30.54736758,135.526835
312,SAAGAW0008,Desert shrublands,27,26,1,0.037037037,SA,-30.67968337,135.538546
313,SAAGAW0009,Desert shrublands,37,37,0,0,SA,-30.66966079,135.6262179
314,SAAGVD0001,Desert shrublands,36,36,0,0,SA,-29.34533611,130.4461611
315,SAAGVD0002,Desert shrublands,46,46,0,0,SA,-29.34649167,130.4504778
316,SAAGVD0003,Desert shrublands,68,65,3,0.044117647,SA,-29.32168889,130.4461611
317,SAAGVD0004,Desert shrublands,34,33,1,0.029411765,SA,-30.81475278,132.1342611
318,SAAKAN0001,Mediterranean woodlands,42,42,0,0,SA,-35.64864444,137.3680278
319,SAAKAN0001,Mediterranean woodlands,51,51,0,0,SA,-35.64864444,137.3680278
320,SAAKAN0002,Mediterranean woodlands,58,45,13,0.206896552,SA,-35.643269,137.217397
321,SAAKAN0002,Mediterranean woodlands,71,49,22,0.281690141,SA,-35.643269,137.217397
322,SAAKAN0002,Mediterranean woodlands,59,43,16,0.254237288,SA,-35.643269,137.217397
323,SAAKAN0003,Mediterranean woodlands,75,66,9,0.106666667,SA,-35.74408333,137.3340444
324,SAAKAN0003,Mediterranean woodlands,65,55,10,0.138461538,SA,-35.74408333,137.3340444
325,SAAKAN0004,Mediterranean woodlands,36,36,0,0,SA,-35.723154,136.973161
326,SAAKAN0004,Mediterranean woodlands,37,37,0,0,SA,-35.723154,136.973161
327,SAAKAN0004,Mediterranean woodlands,36,36,0,0,SA,-35.723154,136.973161
328,SAAKAN0005,Mediterranean woodlands,48,48,0,0,SA,-35.810624,136.88294
329,SAAKAN0005,Mediterranean woodlands,34,34,0,0,SA,-35.810624,136.88294
330,SAAKAN0006,Mediterranean woodlands,50,50,0,0,SA,-35.90062129,136.8960835
331,SAAKAN0006,Mediterranean woodlands,33,33,0,0,SA,-35.90062129,136.8960835
332,SAAKAN0007,Mediterranean woodlands,51,51,0,0,SA,-35.908982,136.586576
333,SAAKAN0007,Mediterranean woodlands,44,43,1,0,SA,-35.908982,136.586576
334,SAAKAN0008,Mediterranean woodlands,46,46,0,0,SA,-35.904381,137.551283
335,SAAKAN0008,Mediterranean woodlands,65,61,4,0.061538462,SA,-35.904381,137.551283
336,SAAKAN0009,Mediterranean woodlands,52,52,0,0,SA,-35.943027,137.324832
337,SAAKAN0009,Mediterranean woodlands,69,67,2,0.028985507,SA,-35.943027,137.324832
338,SAAKAN0010,Mediterranean woodlands,39,37,2,0.051282051,SA,-35.842017,137.906987
339,SAAKAN0010,Mediterranean woodlands,56,50,6,0.107142857,SA,-35.842017,137.906987
340,SAAKAN0011,Mediterranean woodlands,39,33,6,0.153846154,SA,-35.783373,138.061671
341,SAAKAN0011,Mediterranean woodlands,68,54,14,0.205882353,SA,-35.783373,138.061671
342,SAAKAN0012,Mediterranean woodlands,45,42,3,0.066666667,SA,-35.884354,137.989879
343,SAAKAN0012,Mediterranean woodlands,65,58,7,0.107692308,SA,-35.884354,137.989879
344,SAAKAN0013,Mediterranean woodlands,53,51,2,0.037735849,SA,-35.724477,136.821049
345,SAAMDD0007,Mediterranean woodlands,35,26,9,0.257142857,SA,-34.36234611,139.4997236
346,SAAMDD0007,Mediterranean woodlands,23,20,3,0.130434783,SA,-34.36234611,139.4997236
347,SAAMDD0008,Mediterranean woodlands,23,22,1,0.043478261,SA,-34.34173111,139.5077222
348,SAAMDD0008,Mediterranean woodlands,27,25,2,0.074074074,SA,-34.34173111,139.5077222
349,SAAMDD0009,Mediterranean woodlands,37,29,8,0.216216216,SA,-34.35790194,139.4859286
350,SAAMDD0009,Mediterranean woodlands,41,35,6,0.146341463,SA,-34.35790194,139.4859286
351,SAAMDD0010,Mediterranean woodlands,40,40,0,0,SA,-34.32056583,139.5024239
352,SAAMDD0010,Mediterranean woodlands,34,33,1,0.029411765,SA,-34.32056583,139.5024239
353,SAAMDD0011,Mediterranean woodlands,48,40,8,0.166666667,SA,-34.31998056,139.5300286
354,SAAMDD0011,Mediterranean woodlands,42,38,4,0.095238095,SA,-34.31998056,139.5300286
355,SAANUL0001,Desert shrublands,27,25,2,0.074074074,SA,-30.96575833,132.0876417
356,SAANUL0002,Desert shrublands,42,33,9,0.214285714,SA,-31.39337222,131.2773722
357,SAANUL0003,Desert shrublands,27,24,3,0.111111111,SA,-31.482375,131.2667917
358,SAANUL0004,Desert shrublands,34,28,6,0.176470588,SA,-31.51117778,131.3066306
359,SAANUL0005,Desert shrublands,19,15,4,0.210526316,SA,-31.820043,132.287988
360,SAASTP0001,Desert shrublands,54,54,0,0,SA,-26.27817222,134.9992
361,SAASTP0001,Desert shrublands,70,69,1,0,SA,-26.27817222,134.9992
362,SAASTP0002,Desert shrublands,43,43,0,0,SA,-26.27460833,135.0155972
363,SAASTP0002,Desert shrublands,64,64,0,0,SA,-26.27460833,135.0155972
364,SAASTP0003,Desert shrublands,50,50,0,0,SA,-26.2739,135.0729667
365,SAASTP0003,Desert shrublands,55,55,0,0,SA,-26.2739,135.0729667
366,SAASTP0004,Desert shrublands,40,39,1,0.025,SA,-26.08814222,135.4522019
367,SAASTP0004,Desert shrublands,45,45,0,0,SA,-26.08814222,135.4522019
368,SAASTP0005,Desert shrublands,45,45,0,0,SA,-26.09590833,135.4235033
369,SAASTP0005,Desert shrublands,58,56,2,0.017241379,SA,-26.09590833,135.4235033
370,SAASTP0006,Desert shrublands,20,18,2,0.1,SA,-26.340247,135.873785
371,SAASTP0006,Desert shrublands,39,38,1,0.025641026,SA,-26.340247,135.873785
372,SAASTP0007,Desert shrublands,42,39,3,0.047619048,SA,-26.35504167,135.8165917
373,SAASTP0007,Desert shrublands,66,62,4,0.015151515,SA,-26.35504167,135.8165917
374,SAASTP0008,Desert shrublands,27,27,0,0,SA,-26.36887778,135.7887611
375,SAASTP0008,Desert shrublands,31,30,1,0,SA,-26.36887778,135.7887611
376,SAASTP0009,Desert shrublands,31,29,2,0.064516129,SA,-26.35025278,135.7046278
377,SAASTP0009,Desert shrublands,63,58,5,0.079365079,SA,-26.35025278,135.7046278
378,SAASTP0010,Desert shrublands,17,17,0,0,SA,-26.36668333,135.5817111
379,SAASTP0010,Desert shrublands,14,14,0,0,SA,-26.36668333,135.5817111
380,SAASTP0011,Desert shrublands,16,16,0,0,SA,-26.4805,135.4576472
381,SAASTP0011,Desert shrublands,15,15,0,0,SA,-26.4805,135.4576472
382,SAASTP0012,Desert shrublands,24,24,0,0,SA,-26.62279444,135.4337278
383,SAASTP0012,Desert shrublands,39,39,0,0,SA,-26.62279444,135.4337278
384,SAASTP0013,Desert shrublands,30,30,0,0,SA,-26.57410278,135.3073917
385,SAASTP0013,Desert shrublands,33,33,0,0,SA,-26.57410278,135.3073917
386,SAASTP0014,Desert shrublands,37,37,0,0,SA,-27.86115,136.6493694
387,SAASTP0014,Desert shrublands,63,63,0,0,SA,-27.86115,136.6493694
388,SAASTP0015,Desert shrublands,32,32,0,0,SA,-27.86566667,136.6783306
389,SAASTP0015,Desert shrublands,43,43,0,0,SA,-27.86566667,136.6783306
390,SAASTP0016,Desert shrublands,44,44,0,0,SA,-27.83496111,136.6299222
391,SAASTP0016,Desert shrublands,58,58,0,0,SA,-27.83496111,136.6299222
392,SAASTP0017,Desert shrublands,39,38,1,0.025641026,SA,-27.83978333,136.6397306
393,SAASTP0017,Desert shrublands,54,53,1,0.018518519,SA,-27.83978333,136.6397306
394,SAASTP0018,Desert shrublands,48,48,0,0,SA,-28.43342778,136.4283806
395,SAASTP0018,Desert shrublands,33,32,1,0,SA,-28.43342778,136.4283806
396,SAASTP0019,Desert shrublands,47,47,0,0,SA,-28.41965694,136.4812397
397,SAASTP0019,Desert shrublands,44,44,0,0,SA,-28.41965694,136.4812397
398,SAASTP0020,Desert shrublands,48,48,0,0,SA,-28.43764444,136.4588139
399,SAASTP0020,Desert shrublands,35,35,0,0,SA,-28.43764444,136.4588139
400,SAASTP0021,Desert shrublands,38,38,0,0,SA,-28.40246944,136.5329083
401,SAASTP0021,Desert shrublands,52,52,0,0,SA,-28.40246944,136.5329083
402,SAASTP0022,Desert shrublands,47,46,1,0,SA,-28.20560833,134.536
403,SAASTP0022,Desert shrublands,50,49,1,0,SA,-28.20560833,134.536
404,SAASTP0023,Desert shrublands,53,53,0,0,SA,-28.20895,134.5849472
405,SAASTP0023,Desert shrublands,48,47,1,0.020833333,SA,-28.20895,134.5849472
406,SAASTP0024,Desert shrublands,24,24,0,0,SA,-27.9941,134.9738889
407,SAASTP0024,Desert shrublands,39,39,0,0,SA,-27.9941,134.9738889
408,SAASTP0025,Desert shrublands,17,17,0,0,SA,-27.95972278,134.9713194
409,SAASTP0025,Desert shrublands,30,30,0,0,SA,-27.95972278,134.9713194
410,SAASTP0026,Desert shrublands,22,22,0,0,SA,-27.788875,134.8922078
411,SAASTP0026,Desert shrublands,35,34,1,0,SA,-27.788875,134.8922078
412,SAASTP0027,Desert shrublands,17,17,0,0,SA,-27.73725,134.8437556
413,SAASTP0027,Desert shrublands,39,39,0,0,SA,-27.73725,134.8437556
414,SAASTP0028,Desert shrublands,23,23,0,0,SA,-27.71056111,134.8446167
415,SAASTP0028,Desert shrublands,44,43,1,0,SA,-27.71056111,134.8446167
416,SAASTP0029,Desert shrublands,26,26,0,0,SA,-28.08707778,135.8614722
417,SAASTP0030,Desert shrublands,45,44,1,0.022222222,SA,-29.290199,139.179877
418,SAASTP0030,Desert shrublands,42,42,0,0,SA,-29.290199,139.179877
419,SAASTP0031,Desert shrublands,42,40,2,0.047619048,SA,-29.276984,139.175572
420,SAASTP0031,Desert shrublands,39,39,0,0,SA,-29.276984,139.175572
421,SAASTP0032,Desert shrublands,48,48,0,0,SA,-29.28948611,139.1824611
422,SAASTP0032,Desert shrublands,30,30,0,0,SA,-29.28948611,139.1824611
423,SAASTP0033,Desert shrublands,22,22,0,0,SA,-30.3605802,135.3898437
424,SAASTP0033,Desert shrublands,26,26,0,0,SA,-30.3605802,135.3898437
425,SAASTP0034,Desert shrublands,19,19,0,0,SA,-30.3633961,135.5281127
426,SAASTP0034,Desert shrublands,27,27,0,0,SA,-30.3633961,135.5281127
427,SASMDD0001,Mediterranean woodlands,38,38,0,0,SA,-34.00265833,140.5864083
428,SASMDD0001,Mediterranean woodlands,24,24,0,0,SA,-34.00265833,140.5864083
429,SASMDD0002,Mediterranean woodlands,35,35,0,0,SA,-34.01169722,140.5926917
430,SASMDD0003,Mediterranean woodlands,32,32,0,0,SA,-33.99453056,140.5856361
431,SASMDD0003,Mediterranean woodlands,30,30,0,0,SA,-33.99453056,140.5856361
432,SASMDD0005,Mediterranean woodlands,31,29,2,0.064516129,SA,-33.97431111,140.7257806
433,SASMDD0005,Mediterranean woodlands,34,29,5,0.147058824,SA,-33.97431111,140.7257806
434,SASMDD0006,Mediterranean woodlands,34,34,0,0,SA,-33.97274167,140.7272611
435,SASMDD0006,Mediterranean woodlands,43,43,0,0,SA,-33.97274167,140.7272611
436,SASMDD0006,Mediterranean woodlands,38,37,1,0.026315789,SA,-33.97274167,140.7272611
437,SASMDD0010,Mediterranean woodlands,33,33,0,0,SA,-34.003975,140.5750222
438,SASMDD0016,Mediterranean woodlands,34,34,0,0,SA,-33.95690278,140.7185444
439,SASMDD0017,Mediterranean woodlands,42,42,0,0,SA,-33.95559167,140.7179972
440,SASMDD0017,Mediterranean woodlands,28,28,0,0,SA,-33.95559167,140.7179972
441,SASMDD0018,Mediterranean woodlands,39,39,0,0,SA,-34.00307222,140.5761167
442,SATEYB0001,Mediterranean woodlands,52,32,20,0.384615385,SA,-34.50430556,138.7031889
443,SATEYB0001,Mediterranean woodlands,58,35,23,0.396551724,SA,-34.50430556,138.7031889
444,SATEYB0002,Mediterranean woodlands,44,39,5,0.113636364,SA,-33.48902778,138.0801417
445,SATEYB0002,Mediterranean woodlands,39,35,4,0.102564103,SA,-33.48902778,138.0801417
446,SATFLB0001,Mediterranean woodlands,39,33,6,0.153846154,SA,-34.60900833,138.8613444
447,SATFLB0001,Mediterranean woodlands,69,55,14,0.202898551,SA,-34.60900833,138.8613444
448,SATFLB0002,Mediterranean woodlands,43,42,1,0.023255814,SA,-34.68309722,138.9086
449,SATFLB0002,Mediterranean woodlands,69,64,5,0.072463768,SA,-34.68309722,138.9086
450,SATFLB0003,Mediterranean woodlands,36,35,1,0.027777778,SA,-34.576925,139.006103
451,SATFLB0003,Mediterranean woodlands,69,62,7,0.101449275,SA,-34.576925,139.006103
452,SATFLB0004,Mediterranean woodlands,56,52,4,0.071428571,SA,-31.32773611,138.5673306
453,SATFLB0004,Mediterranean woodlands,54,51,3,0.055555556,SA,-31.32773611,138.5673306
454,SATFLB0005,Mediterranean woodlands,40,39,1,0.025,SA,-31.31546111,138.5663667
455,SATFLB0005,Mediterranean woodlands,47,45,2,0.042553191,SA,-31.31546111,138.5663667
456,SATFLB0006,Mediterranean woodlands,34,33,1,0.029411765,SA,-30.77565358,138.7975707
457,SATFLB0006,Mediterranean woodlands,28,28,0,0,SA,-30.77565358,138.7975707
458,SATFLB0007,Mediterranean woodlands,40,38,2,0.05,SA,-31.54388317,138.594579
459,SATFLB0007,Mediterranean woodlands,48,45,3,0.0625,SA,-31.54388317,138.594579
460,SATFLB0008,Mediterranean woodlands,60,55,5,0.083333333,SA,-32.3209586,137.9543899
461,SATFLB0008,Mediterranean woodlands,63,54,9,0.142857143,SA,-32.3209586,137.9543899
462,SATFLB0009,Mediterranean woodlands,51,47,4,0.078431373,SA,-32.31052104,137.9682707
463,SATFLB0009,Mediterranean woodlands,47,44,3,0.063829787,SA,-32.31052104,137.9682707
464,SATFLB0010,Mediterranean woodlands,55,47,8,0.145454545,SA,-32.82851134,138.0326702
465,SATFLB0010,Mediterranean woodlands,72,56,16,0.222222222,SA,-32.82851134,138.0326702
466,SATFLB0011,Mediterranean woodlands,46,46,0,0,SA,-32.74841999,138.1362668
467,SATFLB0011,Mediterranean woodlands,53,52,1,0.018867925,SA,-32.74841999,138.1362668
468,SATFLB0012,Mediterranean woodlands,57,52,5,0.087719298,SA,-34.88076551,138.7082603
469,SATFLB0012,Mediterranean woodlands,65,63,2,0.030769231,SA,-34.88076551,138.7082603
470,SATFLB0013,Mediterranean woodlands,57,50,7,0.122807018,SA,-33.9141962,138.6038099
471,SATFLB0013,Mediterranean woodlands,57,55,2,0.035087719,SA,-33.9141962,138.6038099
472,SATFLB0014,Mediterranean woodlands,64,59,5,0.078125,SA,-34.00513798,138.9593701
473,SATFLB0014,Mediterranean woodlands,71,64,7,0.098591549,SA,-34.00513798,138.9593701
474,SATFLB0015,Mediterranean woodlands,76,61,15,0.184210526,SA,-34.93342691,138.7269537
475,SATFLB0015,Mediterranean woodlands,93,86,7,0.064516129,SA,-34.93342691,138.7269537
476,SATFLB0016,Mediterranean woodlands,41,38,3,0.073170732,SA,-30.343475,139.3396917
477,SATFLB0016,Mediterranean woodlands,24,24,0,0,SA,-30.343475,139.3396917
478,SATFLB0017,Mediterranean woodlands,51,48,3,0.058823529,SA,-30.33181111,139.3736722
479,SATFLB0017,Mediterranean woodlands,19,19,0,0,SA,-30.33181111,139.3736722
480,SATFLB0018,Mediterranean woodlands,44,43,1,0.022727273,SA,-30.21904444,139.3241306
481,SATFLB0018,Mediterranean woodlands,25,25,0,0,SA,-30.21904444,139.3241306
482,SATFLB0019,Mediterranean woodlands,67,66,1,0.014925373,SA,-30.21953056,139.2328694
483,SATFLB0019,Mediterranean woodlands,34,34,0,0,SA,-30.21953056,139.2328694
484,SATFLB0020,Mediterranean woodlands,49,44,5,0.102040816,SA,-30.25567778,139.2272333
485,SATFLB0020,Mediterranean woodlands,31,29,2,0.064516129,SA,-30.25567778,139.2272333
486,SATFLB0021,Mediterranean woodlands,65,61,4,0.061538462,SA,-30.41211111,139.2199417
487,SATFLB0021,Mediterranean woodlands,27,27,0,0,SA,-30.41211111,139.2199417
488,SATFLB0022,Mediterranean woodlands,61,59,2,0.032786885,SA,-30.40600556,139.2260583
489,SATFLB0022,Mediterranean woodlands,30,30,0,0,SA,-30.40600556,139.2260583
490,SATFLB0023,Mediterranean woodlands,32,31,1,0.03125,SA,-30.59943611,139.0736139
491,SATFLB0023,Mediterranean woodlands,19,18,1,0.052631579,SA,-30.59943611,139.0736139
492,SATFLB0024,Mediterranean woodlands,54,48,6,0.111111111,SA,-30.760856,138.579558
493,SATFLB0024,Mediterranean woodlands,37,33,4,0.108108108,SA,-30.760856,138.579558
494,SATFLB0025,Mediterranean woodlands,55,51,4,0.072727273,SA,-30.78501389,138.6329361
495,SATFLB0025,Mediterranean woodlands,35,34,1,0.028571429,SA,-30.78501389,138.6329361
496,SATFLB0026,Mediterranean woodlands,71,62,9,0.126760563,SA,-34.88775556,138.78705
497,SATFLB0026,Mediterranean woodlands,98,78,20,0.193877551,SA,-34.88775556,138.78705
498,SATFLB0027,Mediterranean woodlands,74,53,21,0.283783784,SA,-35.08308056,138.6790056
499,SATFLB0027,Mediterranean woodlands,97,72,25,0.257731959,SA,-35.08308056,138.6790056
500,SATFLB0028,Mediterranean woodlands,67,51,16,0.23880597,SA,-33.55308333,138.3932722
501,SATFLB0028,Mediterranean woodlands,91,68,23,0.252747253,SA,-33.55308333,138.3932722
502,SATKAN0001,Mediterranean woodlands,46,43,3,0.065217391,SA,-35.60826944,138.261275
503,SATKAN0001,Mediterranean woodlands,63,58,5,0.079365079,SA,-35.60826944,138.261275
504,SATKAN0002,Mediterranean woodlands,51,51,0,0,SA,-35.27211111,138.690175
505,SATKAN0002,Mediterranean woodlands,64,64,0,0,SA,-35.27211111,138.690175
506,SATKAN0003,Mediterranean woodlands,63,51,12,0.19047619,SA,-35.46094167,138.6040389
507,SATKAN0003,Mediterranean woodlands,73,58,15,0.205479452,SA,-35.46094167,138.6040389
508,SATKAN0004,Mediterranean woodlands,75,58,17,0.226666667,SA,-34.92716667,139.0381472
509,SATKAN0004,Mediterranean woodlands,105,85,20,0.19047619,SA,-34.92716667,139.0381472
510,SATSTP0001,Desert shrublands,35,35,0,0,SA,-30.56166389,139.4363139
511,SATSTP0001,Desert shrublands,14,14,0,0,SA,-30.56166389,139.4363139
512,SATSTP0002,Desert shrublands,38,36,2,0.052631579,SA,-30.65632778,139.5473556
513,SATSTP0002,Desert shrublands,30,29,1,0.033333333,SA,-30.65632778,139.5473556
514,SATSTP0003,Desert shrublands,54,54,0,0,SA,-29.75528333,138.8491778
515,SATSTP0003,Desert shrublands,33,33,0,0,SA,-29.75528333,138.8491778
516,SATSTP0004,Desert shrublands,45,44,1,0.022222222,SA,-29.79146944,138.8318556
517,SATSTP0004,Desert shrublands,26,26,0,0,SA,-29.79146944,138.8318556
518,SATSTP0005,Desert shrublands,50,48,2,0.04,SA,-29.45659722,138.8487972
519,SATSTP0005,Desert shrublands,27,26,1,0.037037037,SA,-29.45659722,138.8487972
520,SATSTP0006,Desert shrublands,46,44,2,0.043478261,SA,-29.5305,138.8167
521,SATSTP0006,Desert shrublands,32,32,0,0,SA,-29.5305,138.8167
522,SATSTP0007,Desert shrublands,30,22,8,0.233333333,SA,-29.53599751,138.8171068
523,SATSTP0007,Desert shrublands,15,13,2,0.133333333,SA,-29.53599751,138.8171068
524,SATSTP0008,Desert shrublands,32,31,1,0.03125,SA,-29.38785704,138.8813785
525,SATSTP0008,Desert shrublands,13,13,0,0,SA,-29.38785704,138.8813785
526,VCAMDD0001,Mediterranean woodlands,7,7,0,0,VIC,-34.98098611,141.6105389
527,VCAMDD0002,Mediterranean woodlands,40,37,3,0.05,VIC,-34.98229444,141.6514833
528,VCAMDD0003,Mediterranean woodlands,26,24,2,0,VIC,-34.99829444,141.7283611
529,WAAAVW0001,Mediterranean woodlands,52,52,0,0,WA,-31.90223611,118.9436306
530,WAAAVW0002,Mediterranean woodlands,52,52,0,0,WA,-31.84583333,118.905125
531,WAAAVW0003,Mediterranean woodlands,66,58,8,0.106060606,WA,-32.480397,116.938906
532,WAAAVW0004,Mediterranean woodlands,75,69,6,0.066666667,WA,-32.47970556,116.9356139
533,WAAAVW0005,Mediterranean woodlands,61,60,1,0.016393443,WA,-29.6168112,116.966213
534,WAAAVW0006,Mediterranean woodlands,77,65,12,0.155844156,WA,-29.6035454,116.9675462
535,WAAAVW0007,Mediterranean woodlands,28,28,0,0,WA,-29.6720517,116.9664337
536,WAACAR0001,Desert shrublands,56,53,3,0.053571429,WA,-26.40814394,114.3667124
537,WAACAR0002,Desert shrublands,36,36,0,0,WA,-26.48102,114.27782
538,WAACAR0003,Desert shrublands,59,57,2,0.033898305,WA,-26.51507941,114.0983564
539,WAACAR0004,Desert shrublands,35,29,6,0.171428571,WA,-26.3680647,114.2202138
540,WAACOO0001,Mediterranean woodlands,29,29,0,0,WA,-31.39961111,119.5189444
541,WAACOO0002,Mediterranean woodlands,5,4,1,0.2,WA,-31.40166944,119.6513889
542,WAACOO0003,Mediterranean woodlands,65,65,0,0,WA,-31.39997222,119.6478611
543,WAACOO0004,Mediterranean woodlands,48,48,0,0,WA,-31.39886111,119.6465556
544,WAACOO0005,Mediterranean woodlands,63,58,5,0.063492063,WA,-31.60288056,119.8096056
545,WAACOO0006,Mediterranean woodlands,34,34,0,0,WA,-31.59637778,119.8241222
546,WAACOO0007,Mediterranean woodlands,49,48,1,0.020408163,WA,-31.60672222,119.8075472
547,WAACOO0008,Mediterranean woodlands,50,49,1,0.02,WA,-31.60951,119.79227
548,WAACOO0009,Mediterranean woodlands,64,58,6,0.09375,WA,-31.23911389,120.3261083
549,WAACOO0010,Mediterranean woodlands,77,70,7,0.090909091,WA,-31.23180833,120.3298333
550,WAACOO0011,Mediterranean woodlands,32,29,3,0.09375,WA,-31.25283625,120.3419386
551,WAACOO0012,Mediterranean woodlands,45,45,0,0,WA,-31.23736111,120.3322972
552,WAACOO0016,Mediterranean woodlands,87,87,0,0,WA,-31.20321667,120.3082167
553,WAACOO0017,Mediterranean woodlands,72,72,0,0,WA,-31.16963611,120.3049306
554,WAACOO0018,Mediterranean woodlands,59,59,0,0,WA,-31.195625,120.3178889
555,WAACOO0019,Mediterranean woodlands,92,92,0,0,WA,-31.20710833,120.2651361
556,WAACOO0020,Mediterranean woodlands,31,31,0,0,WA,-30.192,120.6551389
557,WAACOO0021,Mediterranean woodlands,36,36,0,0,WA,-30.19233333,120.6506111
558,WAACOO0022,Mediterranean woodlands,28,28,0,0,WA,-30.19530556,120.63275
559,WAACOO0023,Mediterranean woodlands,30,30,0,0,WA,-30.19279417,120.6414669
560,WAACOO0024,Mediterranean woodlands,41,41,0,0,WA,-30.18542222,120.6441389
561,WAACOO0025,Mediterranean woodlands,57,50,7,0.122807018,WA,-30.19511944,120.5987833
562,WAACOO0026,Mediterranean woodlands,43,43,0,0,WA,-30.53038611,120.6656806
563,WAACOO0027,Mediterranean woodlands,48,48,0,0,WA,-30.50148611,120.6600417
564,WAACOO0028,Mediterranean woodlands,61,61,0,0,WA,-30.48758333,120.6581361
565,WAACOO0029,Mediterranean woodlands,50,50,0,0,WA,-30.43289722,120.6266833
566,WAACOO0030,Mediterranean woodlands,31,28,3,0.064516129,WA,-32.01217222,126.2633917
567,WAACOO0031,Mediterranean woodlands,56,56,0,0,WA,-30.68532222,120.2574222
568,WAACOO0032,Mediterranean woodlands,52,52,0,0,WA,-30.78853056,120.3149361
569,WAAESP0001,Mediterranean woodlands,83,79,4,0.036144578,WA,-34.4769,117.7542694
570,WAAGAS0001,Desert shrublands,38,38,0,0,WA,-23.40913333,120.5597056
571,WAAGAS0002,Desert shrublands,56,55,1,0,WA,-23.3847,120.4791389
572,WAAGES0001,Mediterranean woodlands,64,64,0,0,WA,-27.52381667,114.5289806
573,WAAGES0001,Mediterranean woodlands,50,50,0,0,WA,-27.52381667,114.5289806
574,WAAGES0002,Mediterranean woodlands,43,43,0,0,WA,-27.50954444,114.6082667
575,WAAGES0002,Mediterranean woodlands,40,40,0,0,WA,-27.50954444,114.6082667
576,WAAGES0003,Mediterranean woodlands,68,64,4,0.058823529,WA,-27.60539444,114.6921583
577,WAAGES0003,Mediterranean woodlands,54,51,3,0.055555556,WA,-27.60539444,114.6921583
578,WAAGES0004,Mediterranean woodlands,41,41,0,0,WA,-27.4970725,114.7181698
579,WAAGES0005,Mediterranean woodlands,53,53,0,0,WA,-27.52968081,114.6748527
580,WAAGSD0001,Desert shrublands,18,18,0,0,WA,-19.81246389,121.4741917
581,WAAGSD0001,Desert shrublands,24,24,0,0,WA,-19.81246389,121.4741917
582,WAAGSD0002,Desert shrublands,16,15,1,0,WA,-19.7663681,121.3762065
583,WAAGSD0003,Desert shrublands,24,24,0,0,WA,-19.797059,121.458649
584,WAAGSD0004,Desert shrublands,19,18,1,0,WA,-19.775212,121.425019
585,WAAGVD0001,Desert shrublands,65,65,0,0,WA,-29.66926389,125.13025
586,WAAGVD0003,Desert shrublands,20,20,0,0,WA,-30.240136,124.295597
587,WAAGVD0004,Desert shrublands,23,23,0,0,WA,-30.2330469,124.4266692
588,WAAGVD0007,Desert shrublands,15,15,0,0,WA,-30.413884,124.39249
589,WAAGVD0008,Desert shrublands,31,31,0,0,WA,-30.30217213,124.3926377
590,WAAGVD0009,Desert shrublands,37,37,0,0,WA,-30.26427387,124.4053813
591,WAAGVD0010,Desert shrublands,46,46,0,0,WA,-29.949171,124.603989
592,WAAGVD0011,Desert shrublands,39,39,0,0,WA,-29.95285011,124.605704
593,WAAGVD0012,Desert shrublands,39,39,0,0,WA,-29.9283253,124.6115599
594,WAAGVD0014,Desert shrublands,32,32,0,0,WA,-29.84780283,124.712573
595,WAAGVD0015,Desert shrublands,33,33,0,0,WA,-29.88554065,124.6893407
596,WAAGVD0016,Desert shrublands,47,47,0,0,WA,-29.89949668,124.7021819
597,WAAGVD0017,Desert shrublands,35,35,0,0,WA,-29.91167587,124.6726438
598,WAAHAM0001,Mediterranean woodlands,34,30,4,0.117647059,WA,-31.98483333,128.2852417
599,WAAHAM0002,Mediterranean woodlands,30,30,0,0,WA,-31.88826111,128.2373306
600,WAAHAM0003,Mediterranean woodlands,38,34,4,0.105263158,WA,-31.7691,128.2880889
601,WAAHAM0004,Mediterranean woodlands,25,23,2,0.08,WA,-31.95244722,127.2742833
602,WAAHAM0005,Mediterranean woodlands,32,30,2,0.0625,WA,-32.22587222,127.4403361
603,WAAHAM0006,Mediterranean woodlands,25,24,1,0.04,WA,-32.21914167,126.3018861
604,WAAJAF0001,Mediterranean woodlands,101,101,0,0,WA,-34.61917222,117.1554361
605,WAAJAF0002,Mediterranean woodlands,83,78,5,0.048192771,WA,-34.59954167,117.2660861
606,WAAJAF0003,Mediterranean woodlands,130,120,10,0.076923077,WA,-34.40362778,117.687625
607,WAALSD0001,Desert shrublands,50,50,0,0,WA,-25.09664444,120.7239639
608,WAALSD0001,Desert shrublands,45,45,0,0,WA,-25.09664444,120.7239639
609,WAALSD0002,Desert shrublands,32,32,0,0,WA,-25.05720278,120.7392
610,WAALSD0002,Desert shrublands,24,24,0,0,WA,-25.05720278,120.7392
611,WAALSD0003,Desert shrublands,36,36,0,0,WA,-25.26886667,120.6275
612,WAALSD0003,Desert shrublands,20,20,0,0,WA,-25.26886667,120.6275
613,WAALSD0004,Desert shrublands,30,30,0,0,WA,-25.26473,120.6413331
614,WAAMAL0001,Mediterranean woodlands,31,31,0,0,WA,-32.06314167,126.2793083
615,WAAMAL0002,Mediterranean woodlands,86,83,3,0.034883721,WA,-32.814725,119.1428361
616,WAAMAL0003,Mediterranean woodlands,64,63,1,0.015625,WA,-32.87458889,119.1580222
617,WAAMUR0001,Desert shrublands,37,37,0,0,WA,-28.06511111,121.0137056
618,WAAMUR0001,Desert shrublands,19,19,0,0,WA,-28.06511111,121.0137056
619,WAAMUR0002,Desert shrublands,43,43,0,0,WA,-28.143125,120.9661222
620,WAAMUR0002,Desert shrublands,30,30,0,0,WA,-28.143125,120.9661222
621,WAAMUR0003,Desert shrublands,67,64,3,0.044776119,WA,-26.8731969,116.6355751
622,WAAMUR0004,Desert shrublands,62,62,0,0,WA,-26.4917943,116.5814233
623,WAAMUR0005,Desert shrublands,62,62,0,0,WA,-26.5686423,116.6085684
624,WAAMUR0006,Desert shrublands,53,53,0,0,WA,-26.6949439,116.7166219
625,WAAMUR0007,Desert shrublands,70,68,2,0.028571429,WA,-26.79934371,116.6483838
626,WAAMUR0008,Desert shrublands,75,74,1,0.013333333,WA,-26.7456814,116.8295422
627,WAAMUR0028,Desert shrublands,46,46,0,0,WA,-27.38916111,120.6985861
628,WAAMUR0028,Desert shrublands,38,38,0,0,WA,-27.38916111,120.6985861
629,WAAMUR0029,Desert shrublands,58,58,0,0,WA,-27.39936944,120.6822056
630,WAAMUR0029,Desert shrublands,32,32,0,0,WA,-27.39936944,120.6822056
631,WAAMUR0030,Desert shrublands,37,37,0,0,WA,-27.382775,120.6911528
632,WAAMUR0030,Desert shrublands,33,33,0,0,WA,-27.382775,120.6911528
633,WAAMUR0031,Desert shrublands,39,39,0,0,WA,-27.43861667,120.6555167
634,WAAMUR0031,Desert shrublands,34,34,0,0,WA,-27.43861667,120.6555167
635,WAANUL0001,Desert shrublands,33,31,2,0.03030303,WA,-31.73406667,125.8699444
636,WAANUL0002,Desert shrublands,37,35,2,0.027027027,WA,-31.69906944,125.8610556
637,WAANUL0003,Desert shrublands,53,52,1,0,WA,-29.71877778,125.3158361
638,WAANUL0004,Desert shrublands,50,48,2,0.02,WA,-29.47343611,127.0719278
639,WAANUL0005,Desert shrublands,25,23,2,0.08,WA,-30.01226389,127.6902083
640,WAANUL0006,Desert shrublands,23,22,1,0.043478261,WA,-30.02556944,127.7309444
641,WAANUL0007,Desert shrublands,30,27,3,0.066666667,WA,-30.03548056,127.7895194
642,WAANUL0008,Desert shrublands,16,15,1,0.0625,WA,-30.07225556,127.91645
643,WAANUL0009,Desert shrublands,31,31,0,0,WA,-29.65610556,127.0686389
644,WAAPIL0001,Desert shrublands,83,81,2,0.024096386,WA,-22.60081944,118.2815028
645,WAAPIL0001,Desert shrublands,75,74,1,0.013333333,WA,-22.60081944,118.2815028
646,WAAPIL0002,Desert shrublands,24,24,0,0,WA,-21.59122222,117.0663583
647,WAAPIL0003,Desert shrublands,50,50,0,0,WA,-21.54110278,117.0570056
648,WAAPIL0004,Desert shrublands,44,43,1,0.022727273,WA,-21.39493056,117.1698361
649,WAAPIL0004,Desert shrublands,36,35,1,0.027777778,WA,-21.39493056,117.1698361
650,WAAPIL0005,Desert shrublands,36,31,5,0.111111111,WA,-21.57123889,117.0562583
651,WAAPIL0006,Desert shrublands,38,38,0,0,WA,-21.56424444,117.0590972
652,WAAPIL0007,Desert shrublands,50,50,0,0,WA,-21.67714167,116.9739917
653,WAAPIL0008,Desert shrublands,43,42,1,0.023255814,WA,-21.66288333,117.7047278
654,WAAPIL0009,Desert shrublands,60,56,4,0.033333333,WA,-21.87279722,117.8244056
655,WAAPIL0010,Desert shrublands,50,49,1,0.02,WA,-21.85703333,117.97935
656,WAAPIL0011,Desert shrublands,63,62,1,0.015873016,WA,-21.891925,117.9992861
657,WAAPIL0012,Desert shrublands,45,45,0,0,WA,-22.62085833,118.3143028
658,WAAPIL0012,Desert shrublands,44,44,0,0,WA,-22.62085833,118.3143028
659,WAAPIL0013,Desert shrublands,50,50,0,0,WA,-22.61085556,118.2939361
660,WAAPIL0013,Desert shrublands,57,57,0,0,WA,-22.61085556,118.2939361
661,WAAPIL0014,Desert shrublands,80,78,2,0.025,WA,-22.63589903,118.2248548
662,WAAPIL0014,Desert shrublands,67,66,1,0.014925373,WA,-22.63589903,118.2248548
663,WAAPIL0015,Desert shrublands,42,41,1,0.023809524,WA,-22.60927778,117.93565
664,WAAPIL0016,Desert shrublands,92,84,8,0.054347826,WA,-22.72358889,118.268075
665,WAAPIL0017,Desert shrublands,55,55,0,0,WA,-22.13387222,119.0236917
666,WAAPIL0017,Desert shrublands,55,55,0,0,WA,-22.13387222,119.0236917
667,WAAPIL0018,Desert shrublands,60,54,6,0.066666667,WA,-22.33554167,118.9877722
668,WAAPIL0018,Desert shrublands,40,37,3,0.05,WA,-22.33554167,118.9877722
669,WAAPIL0019,Desert shrublands,62,57,5,0.048387097,WA,-22.30292222,119.0129083
670,WAAPIL0019,Desert shrublands,48,43,5,0.0625,WA,-22.30292222,119.0129083
671,WAAPIL0020,Desert shrublands,23,23,0,0,WA,-21.61443333,117.120475
672,WAAPIL0021,Desert shrublands,46,44,2,0.043478261,WA,-21.60643889,117.1161361
673,WAAPIL0022,Desert shrublands,66,62,4,0.045454545,WA,-21.58141944,117.0973556
674,WAAPIL0023,Desert shrublands,55,53,2,0.018181818,WA,-22.255,118.6954917
675,WAAPIL0023,Desert shrublands,55,51,4,0.054545455,WA,-22.255,118.6954917
676,WAAPIL0024,Desert shrublands,67,64,3,0.029850746,WA,-22.4671,119.0852222
677,WAAPIL0024,Desert shrublands,55,53,2,0.036363636,WA,-22.4671,119.0852222
678,WAAPIL0025,Desert shrublands,64,62,2,0.015625,WA,-22.70821389,119.7086861
679,WAAPIL0025,Desert shrublands,65,63,2,0.015384615,WA,-22.70821389,119.7086861
680,WAAPIL0026,Desert shrublands,41,40,1,0.024390244,WA,-22.76692778,119.6314389
681,WAAPIL0026,Desert shrublands,41,40,1,0.024390244,WA,-22.76692778,119.6314389
682,WAAPIL0027,Desert shrublands,56,55,1,0.017857143,WA,-22.69156667,119.7739778
683,WAAPIL0027,Desert shrublands,41,41,0,0,WA,-22.69156667,119.7739778
684,WAAPIL0028,Desert shrublands,46,45,1,0.02173913,WA,-22.67655278,119.8400889
685,WAAPIL0028,Desert shrublands,50,48,2,0.02,WA,-22.67655278,119.8400889
686,WAAPIL0029,Desert shrublands,72,67,5,0.055555556,WA,-22.66193611,119.9177389
687,WAAPIL0029,Desert shrublands,64,59,5,0.0625,WA,-22.66193611,119.9177389
688,WAAPIL0030,Desert shrublands,54,52,2,0.018518519,WA,-23.31473889,119.6324833
689,WAAPIL0031,Desert shrublands,35,35,0,0,WA,-23.14604722,119.2653417
690,WAAPIL0032,Desert shrublands,35,35,0,0,WA,-23.18566389,119.2379306
691,WAAPIL0033,Desert shrublands,34,32,2,0.058823529,WA,-23.21400833,119.2023583
692,WAAPIL0034,Desert shrublands,34,34,0,0,WA,-23.30198611,120.2171194
693,WAAPIL0035,Desert shrublands,39,38,1,0.025641026,WA,-23.365975,120.3441556
694,WAASWA0001,Mediterranean woodlands,63,58,5,0.063492063,WA,-32.34424722,115.9023917
695,WAASWA0002,Mediterranean woodlands,55,49,6,0.109090909,WA,-32.33515556,115.9071639
696,WAASWA0003,Mediterranean woodlands,44,19,25,0.568181818,WA,-32.33731944,115.9135667
697,WAASWA0004,Mediterranean woodlands,79,77,2,0.025316456,WA,-31.37548611,115.7134833
698,WAAYAL0001,Mediterranean woodlands,29,29,0,0,WA,-26.14624536,113.1590728
699,WAAYAL0002,Mediterranean woodlands,28,28,0,0,WA,-26.25206215,113.2980212
700,WAAYAL0003,Mediterranean woodlands,46,45,1,0.02173913,WA,-26.2641743,113.3194282
701,WAAYAL0004,Mediterranean woodlands,25,25,0,0,WA,-26.25461951,113.3012957
702,WAAYAL0005,Mediterranean woodlands,43,43,0,0,WA,-26.38997799,113.3111487
703,WAAYAL0006,Mediterranean woodlands,75,74,1,0.013333333,WA,-29.4468232,116.9988937
704,WAAYAL0007,Mediterranean woodlands,76,68,8,0.092105263,WA,-29.50691285,116.95238
705,WAAYAL0008,Mediterranean woodlands,50,49,1,0.02,WA,-29.4822659,117.0301964
706,WAGCOO0001,Mediterranean woodlands,47,47,0,0,WA,-30.43612778,120.6429056
707,WAGCOO0002,Mediterranean woodlands,50,50,0,0,WA,-30.35099167,120.6426917
708,WAGCOO0004,Mediterranean woodlands,46,41,5,0.108695652,WA,-30.46525833,120.8060833
